Date,Close,Open,High,Low,ZM Volume,ZM HL PCT,ZM OC PCT,NASDAQ Volume,NASDAQ HL PCT,NASDAQ OC PCT,Label (2D)
3/9/2019,92.46,91.5,94.24,90.75,1540000,0.0384573,0.010491803,512490000,0.011857551,-0.004082748,0
4/9/2019,93.53,93.95,96,93.18,2420000,0.030264005,-0.004470463,509990000,0.00661753,0.003405113,0
5/9/2019,92.69,94.24,94.38,88.51,5060000,0.06632019,-0.016447368,542830000,0.009071749,0.006889716,0
6/9/2019,85.41,92,96.5,84.86,7290000,0.137167099,-0.071630435,478400000,0.004429204,-0.002770264,0
9/9/2019,78.65,85.75,85.94,77.2,6710000,0.113212435,-0.082798834,573750000,0.009848057,-0.005346265,1
10/9/2019,80.35,77,81.22,76.81,2810000,0.057414399,0.043506494,609350000,0.01060276,0.004244731,0
11/9/2019,80.71,80,81.86,78.5,2010000,0.042802548,0.008875,595760000,0.010903835,0.009639531,0
12/9/2019,81.53,81.45,82.65,79.9,1960000,0.034418023,0.000982198,557770000,0.008202546,-0.001475645,0
13/9/2019,78.85,81.57,82.48,78.27,1420000,0.053788169,-0.033345593,495640000,0.005477946,-0.00169219,1
16/9/2019,80.67,78.5,80.99,78.26,1630000,0.034883721,0.027643312,483840000,0.005426505,0.003927778,1
17/9/2019,84.64,81.49,84.82,79.53,2540000,0.06651578,0.03865505,471620000,0.005947306,0.004586036,0
18/9/2019,84.55,84.4,86,83.5,1840000,0.02994012,0.001777251,542240000,0.011581431,0.000338854,0
19/9/2019,84.62,85.2,85.35,83.25,1280000,0.025225225,-0.006807512,492920000,0.00772052,-0.001307119,0
20/9/2019,82.63,85,85.35,81.5,2050000,0.047239264,-0.027882353,1520000000,0.01442712,-0.008211483,0
23/9/2019,82.62,82.29,83.6,81.8,678850,0.02200489,0.004010208,473440000,0.006242162,0.000736447,0
24/9/2019,80.02,82.43,82.93,79.46,2150000,0.043669771,-0.029236928,608620000,0.023738809,-0.018853033,0
25/9/2019,79.6,79.12,79.99,76.08,1940000,0.05139327,0.006066734,532510000,0.020090554,0.01085267,0
26/9/2019,79.75,79.25,80.62,78.62,928400,0.02543882,0.006309148,472490000,0.010147641,-0.004889642,0
27/9/2019,76.04,79.69,79.83,75.09,2350000,0.063124251,-0.045802485,527850000,0.020474559,-0.013356348,0
30/9/2019,76.2,76.13,77,74.29,1360000,0.036478665,0.00091948,510050000,0.007865775,0.004426118,0
1/10/2019,75.81,76.43,77.49,75.21,1380000,0.030315118,-0.008111998,541530000,0.019757687,-0.014718139,0
2/10/2019,73.85,74.5,75.78,73.66,1390000,0.028780885,-0.008724832,629680000,0.013912291,-0.008391149,1
3/10/2019,76.83,73.9,78.49,73.39,2610000,0.069491756,0.039648173,518320000,0.022372727,0.010947705,0
4/10/2019,76.53,77,77.78,75.28,1800000,0.033209352,-0.006103896,443550000,0.011042625,0.009359621,0
7/10/2019,76.99,76.99,77.43,75,1430000,0.0324,0,477670000,0.008968683,-1.63E-05,0
8/10/2019,73.59,76.01,76.35,72.58,3160000,0.051942684,-0.031837916,478690000,0.012545167,-0.009433711,0
9/10/2019,72.86,74.22,75.06,72.75,1490000,0.031752577,-0.018323902,391060000,0.007288989,0.000984048,0
10/10/2019,71.01,72.86,73.78,71.01,2280000,0.03900859,-0.025391161,451970000,0.010511645,0.005845993,0
11/10/2019,71.35,71.37,72.89,70.9,2390000,0.028067701,-0.00028023,549190000,0.008574837,0.001205367,0
14/10/2019,70.8,70.46,71.24,69.55,2220000,0.024299065,0.004825433,380780000,0.004161062,0.000534537,0
15/10/2019,71.11,68.76,71.27,68.38,10590000,0.04226382,0.034176847,447400000,0.011691306,0.009146919,0
16/10/2019,67.69,69.7,69.95,66.51,6080000,0.051721546,-0.028837877,470300000,0.005278044,0.00053819,0
17/10/2019,67.03,67.09,68,66.76,3580000,0.018573996,-0.000894321,488840000,0.006443044,-0.002453249,0
18/10/2019,66.08,66.26,66.93,64.53,4820000,0.037192004,-0.002716571,559750000,0.013918547,-0.007400136,0
21/10/2019,65.77,65.29,66.5,64.16,3080000,0.036471322,0.007351815,482280000,0.005775348,0.003142274,0
22/10/2019,62,64.2,64.6,61.02,4610000,0.058669289,-0.034267913,463310000,0.011434242,-0.010236782,1
23/10/2019,62.06,61.33,63.74,60.97,3610000,0.04543218,0.011902821,457420000,0.005513502,0.003652549,1
24/10/2019,64.52,63,65.94,62.76,3440000,0.050669216,0.024126984,468720000,0.006166392,0.000704153,1
25/10/2019,63.45,64.33,64.99,62.79,1950000,0.035037426,-0.013679465,475980000,0.012192982,0.011352552,1
28/10/2019,66.56,63.96,67.47,62.26,3510000,0.083681336,0.040650407,488910000,0.006069808,0.004854105,1
29/10/2019,65.49,65.77,67.11,64.8,1830000,0.035648148,-0.00425726,468380000,0.005335257,-0.004390528,1
30/10/2019,70,65.97,70.09,65.66,4670000,0.067468779,0.061088374,484370000,0.008954463,0.002377998,0
31/10/2019,69.89,69.52,70.08,66.6,3410000,0.052252252,0.005322209,608630000,0.008848549,-0.002648424,0
1/11/2019,70.39,69.86,70.55,68.02,3560000,0.037194943,0.007586602,519420000,0.007228675,0.006160731,0
4/11/2019,70.12,70.81,70.85,69.01,1570000,0.026662802,-0.009744386,555690000,0.003570708,-0.001456397,0
5/11/2019,66.89,70.71,70.85,66.68,1810000,0.062537493,-0.054023476,559520000,0.004315376,-0.001413583,0
6/11/2019,66.83,66.95,67.13,65.36,1330000,0.027080783,-0.001792382,584190000,0.005637682,-0.001891636,1
7/11/2019,66.81,67.03,68.68,66.21,1130000,0.037305543,-0.003282112,618390000,0.007995608,-0.002435214,1
8/11/2019,69.85,66.54,70,66.52,1480000,0.052315093,0.049744515,508330000,0.008289426,0.0062498,0
11/11/2019,68.39,69.51,70.19,67.76,1040000,0.035861865,-0.01611279,435560000,0.004961136,0.003916378,0
12/11/2019,68,68.5,70.05,67.56,1910000,0.036856128,-0.00729927,491230000,0.006126676,0.001773094,0
13/11/2019,68.01,68,68.51,66.87,1990000,0.024525198,0.000147059,521490000,0.005390861,0.003202831,1
14/11/2019,67.74,67.77,68.15,66.71,938900,0.021585969,-0.000442674,499400000,0.005186233,0.002122665,1
15/11/2019,70.01,68.13,71.1,67.91,2320000,0.046973936,0.027594305,588620000,0.004000329,0.001918006,0
18/11/2019,70.08,70.47,71.14,68.78,1680000,0.0343123,-0.00553427,523430000,0.006604246,0.002436348,0
19/11/2019,69.64,70.19,70.33,68.19,1710000,0.031382901,-0.007835874,533690000,0.00621198,-0.000858007,0
20/11/2019,70.99,69.25,71.71,68.55,2790000,0.046097739,0.025126354,771510000,0.012946604,-0.001971073,1
21/11/2019,69.92,71.5,71.95,69.58,1130000,0.034061512,-0.022097902,520650000,0.005118242,-0.002539907,1
22/11/2019,73.16,72,74,71.15,3060000,0.040056219,0.016111111,459670000,0.006838109,-0.001248456,1
25/11/2019,74.55,73.8,75.06,72.86,1940000,0.030194894,0.010162602,575980000,0.0085868,0.008509694,0
26/11/2019,75.16,75,75.77,74.76,1850000,0.013509898,0.002133333,739470000,0.003954498,0.001451004,0
27/11/2019,74.08,75.81,75.84,73.36,1360000,0.033805889,-0.022820208,436370000,0.005001974,0.004104,0
29/11/2019,74.5,74.1,74.94,73.86,512640,0.014622258,0.005398111,303120000,0.003843477,-0.001905089,0
2/12/2019,68.93,74.06,74.5,68.46,3160000,0.088226702,-0.069268161,559260000,0.015536009,-0.012089466,0
3/12/2019,70.02,66.72,70.53,66.05,2450000,0.067827403,0.049460432,599920000,0.010500984,0.00708214,0
4/12/2019,69.96,70.5,70.9,69.15,2080000,0.025307303,-0.007659574,571970000,0.003800112,0.001078594,0
5/12/2019,69.67,70.03,70.75,69.22,3900000,0.022103438,-0.005140654,536690000,0.005498764,-0.002006304,0
6/12/2019,62.74,64.26,65.08,62.11,11260000,0.047818387,-0.023653906,527650000,0.004039126,0.002580421,1
9/12/2019,65.94,62.39,67.27,62.33,5250000,0.079255575,0.056900144,547630000,0.006854011,-0.003355736,0
10/12/2019,64.57,65.49,65.83,63.39,3900000,0.038491876,-0.014047946,515360000,0.005806423,-0.000855795,0
11/12/2019,63.52,64.24,64.45,62.05,3690000,0.038678485,-0.01120797,486220000,0.004190273,0.002656666,0
12/12/2019,62.49,63.49,64.23,62.12,3320000,0.033966516,-0.015750512,588220000,0.012998054,0.00832354,1
13/12/2019,63.54,62.5,63.75,62.02,2490000,0.027894228,0.01664,543980000,0.008196533,0.002406497,1
16/12/2019,66.35,63.59,66.39,63.56,3280000,0.044524858,0.043403051,632710000,0.004969413,0.00260712,0
17/12/2019,66.17,66.62,66.62,65.4,2300000,0.018654434,-0.006754728,594890000,0.003110874,-0.000692001,1
18/12/2019,67.6,66.22,68.14,66.04,2240000,0.03179891,0.020839625,680420000,0.003212999,-0.000782148,0
19/12/2019,68.18,67.75,68.46,67.1,1610000,0.020268256,0.006346863,629570000,0.005561734,0.005458781,0
20/12/2019,66.93,68.2,68.48,66.41,2200000,0.031170005,-0.018621701,1600000000,0.003374572,0.001471077,0
23/12/2019,66.15,67.02,67.5,65.93,1660000,0.023813135,-0.0129812,510230000,0.002472424,-0.000508369,0
24/12/2019,66.46,66.3,66.89,65.74,562590,0.017493155,0.002413273,248970000,0.002547468,-0.000237856,0
26/12/2019,67.45,66.5,68.19,66.3,1390000,0.028506787,0.014285714,394330000,0.006022222,0.005817032,0
27/12/2019,66.64,67.51,67.96,66.51,955620,0.021801233,-0.01288698,443170000,0.007196806,-0.004735084,1
30/12/2019,66.79,66.56,67.18,65.52,1160000,0.025335775,0.003455529,483980000,0.010906715,-0.006492345,1
31/12/2019,68.04,66.38,68.18,66.31,1350000,0.028200875,0.025007532,554990000,0.007021386,0.00603897,0
2/1/2020,68.72,68.8,69.23,68.02,1320000,0.017788886,-0.001162791,654950000,0.009160027,0.005833313,1
3/1/2020,67.28,67.62,68.68,67.1,1130000,0.023546945,-0.005028098,618560000,0.009951618,0.004939603,1
6/1/2020,70.32,66.63,70.5,65.81,3150000,0.071265765,0.055380459,690230000,0.01441382,0.014308716,1
7/1/2020,71.9,70.29,72.84,69.37,7000000,0.050021623,0.022905107,552230000,0.005460849,-0.000889095,0
8/1/2020,72.55,71.81,73.29,71.03,2480000,0.031817542,0.010304971,595810000,0.012088024,0.006750088,0
9/1/2020,72.62,73.99,74,71.35,2780000,0.037140855,-0.018516016,601330000,0.006272861,0.000126056,0
10/1/2020,73.09,73.08,73.8,72.25,1660000,0.021453287,0.000136836,585080000,0.007696958,-0.005857289,0
13/1/2020,74.03,73.89,75.58,73.8,3350000,0.024119241,0.001894708,605160000,0.008857769,0.00653482,1
14/1/2020,73.16,74.32,75.11,72.26,1910000,0.039440908,-0.015608181,624220000,0.007786276,-0.002079691,1
15/1/2020,76.94,73.28,77.78,73.2,3960000,0.062568306,0.049945415,584770000,0.007331706,0.000532756,0
16/1/2020,76.11,78,78.79,75.11,3000000,0.048994808,-0.024230769,567150000,0.006085158,0.00469107,0
17/1/2020,75.56,76.66,76.9,75.49,1360000,0.018677971,-0.014349074,659470000,0.004993147,-0.00036519,0
21/1/2020,76.73,75.56,77.12,74.32,1610000,0.037674919,0.015484383,691600000,0.005067271,0.001040479,0
22/1/2020,75.61,77.07,77.11,75.46,1500000,0.021865889,-0.018943817,580340000,0.006843638,-0.003169879,0
23/1/2020,74.47,75.67,75.97,74.21,1280000,0.02371648,-0.015858332,611040000,0.008042528,0.002640301,0
24/1/2020,73,74.97,76.19,72.37,1660000,0.052784303,-0.026277178,629470000,0.019216605,-0.013898711,0
27/1/2020,70.44,71.33,72.13,70.32,1750000,0.025739477,-0.012477219,686780000,0.010718483,0.005152621,1
28/1/2020,71.51,71,72.48,70.26,1600000,0.031596926,0.007183099,530770000,0.01160272,0.007374628,1
29/1/2020,73.58,72.51,74.14,71.21,1370000,0.041145906,0.014756585,548870000,0.008657115,-0.004625327,1
30/1/2020,74.54,73.1,74.8,72.55,1430000,0.031013094,0.019699042,573680000,0.012827185,0.009529755,1
31/1/2020,76.3,74.27,76.67,73.3,2520000,0.045975443,0.027332705,695770000,0.022095269,-0.018595438,1
3/2/2020,87.66,77.69,88.94,77.51,13020000,0.147464843,0.128330544,623270000,0.012112901,0.008996031,0
4/2/2020,85.79,91.04,93.3,83.5,10610000,0.117365269,-0.05766696,607830000,0.011876403,0.007403396,0
5/2/2020,86.99,85.77,90.97,83.75,5130000,0.086208955,0.014224088,625910000,0.012691791,-0.006833018,0
6/2/2020,87.26,87,89.44,85.26,2410000,0.049026507,0.002988506,582670000,0.007361914,0.00326696,1
7/2/2020,88.64,87.23,90.6,86.81,2640000,0.043658565,0.016164164,549790000,0.007745987,-0.000643459,0
10/2/2020,89.67,89.09,89.98,86.91,2070000,0.035323898,0.006510271,546600000,0.014223221,0.014194781,0
11/2/2020,88.68,90,90.5,87.93,2730000,0.029227795,-0.014666667,567800000,0.010141195,-0.004333279,0
12/2/2020,88.28,88.66,89.5,86.52,1670000,0.034442903,-0.004286037,589710000,0.006423095,0.003856078,1
13/2/2020,89.86,87.61,91.93,87,3410000,0.056666667,0.025682,545840000,0.010186507,0.005688078,1
14/2/2020,90.95,90.88,91.71,89.81,2300000,0.021155773,0.000770246,536340000,0.005499817,0.000234353,1
18/2/2020,96.39,93.02,98.14,92.4,5670000,0.062121212,0.036228768,555310000,0.007428843,0.005548071,1
19/2/2020,103.93,100.32,105.08,99.75,7790000,0.053433584,0.035984848,580070000,0.006266684,0.003513305,0
20/2/2020,105.29,104,110.75,101.43,11290000,0.09188603,0.012403846,646920000,0.019084896,-0.00492183,0
21/2/2020,101.76,104.03,104.29,98.09,5540000,0.063207259,-0.021820629,699670000,0.018194718,-0.013537275,1
24/2/2020,105.01,97.8,110,97.02,12170000,0.133786848,0.073721881,795200000,0.017114317,0.003574056,0
25/2/2020,107.08,108.52,111.8,104.47,13430000,0.070163683,-0.013269443,871820000,0.041918284,-0.036080291,1
26/2/2020,106.88,109.94,111.3,105.6,6890000,0.053977273,-0.027833364,870350000,0.024700374,-0.003415617,0
27/2/2020,113.55,109.43,118,107.6,13510000,0.096654275,0.037649639,1150000000,0.039950713,-0.020305283,0
28/2/2020,105,121.07,121.93,97.37,21710000,0.252233748,-0.13273313,1440000000,0.039648313,0.035990249,1
2/3/2020,113.11,109.35,114.5,102.5,10160000,0.117073171,0.034385002,1100000000,0.047927335,0.032886281,1
3/3/2020,117.47,114.55,119.2,112.11,11030000,0.063241459,0.025491052,1100000000,0.054334067,-0.031344882,1
4/3/2020,116.8,118.51,119.97,113.11,12100000,0.060648926,-0.014429162,878060000,0.029950923,0.020827249,0
5/3/2020,125,110.25,129.83,110,28150000,0.180272727,0.133786848,901110000,0.028083329,-0.005858871,0
6/3/2020,114.32,119.65,122,107,22980000,0.140186916,-0.044546594,1050000000,0.02832553,0.012588248,0
9/3/2020,113.75,105,116.5,100.88,14570000,0.154837431,0.083333333,1200000000,0.037787228,-0.000911041,0
10/3/2020,108.49,113.8,113.8,105,10240000,0.083809524,-0.046660808,1120000000,0.052578486,0.015145211,0
11/3/2020,110.3,108.41,113.99,107,12590000,0.065327103,0.017433816,1060000000,0.04208668,-0.022639422,0
12/3/2020,109.47,106.25,113.87,104.39,12100000,0.090813296,0.030305882,1340000000,0.071950486,-0.026596996,0
13/3/2020,107.47,113,113.8,104.16,9230000,0.092549923,-0.048938053,1250000000,0.090986537,0.034753804,1
16/3/2020,107.86,105,119.87,103.2,17210000,0.161531008,0.027238095,1270000000,0.078359868,-0.066029735,1
17/3/2020,111.1,107.33,113.83,102,18720000,0.115980392,0.035125314,1290000000,0.084540578,0.06230493,1
18/3/2020,118.71,111.02,119,108.91,13590000,0.092645303,0.069266799,1260000000,0.074251162,0.012679795,1
19/3/2020,123.77,122.02,132.22,119.16,16250000,0.109600537,0.014341911,1190000000,0.070424794,0.022029744,1
20/3/2020,130.55,129,135.98,124,13870000,0.096612903,0.012015504,1640000000,0.072909418,-0.050848019,1
23/3/2020,159.56,142,164.94,137.25,27680000,0.201748634,0.123661972,1080000000,0.053309849,0.001955521,0
24/3/2020,135.18,154,154,134,22400000,0.149253731,-0.122207792,1150000000,0.03466037,0.03080953,1
25/3/2020,138.11,140.22,148.97,136.25,14740000,0.093357798,-0.015047782,1190000000,0.054258974,-0.004995041,1
26/3/2020,141.15,140.44,146.6,138.28,9280000,0.060167776,0.00505554,1010000000,0.046584055,0.04493709,1
27/3/2020,151.7,145.6,154.97,145.6,13270000,0.064354396,0.041895604,1000000000,0.030050206,-0.006866334,0
30/3/2020,150.88,160.76,161.69,147.2,15760000,0.0984375,-0.061458074,926450000,0.03241127,0.025145514,0
31/3/2020,146.12,147.02,149.79,143.36,10020000,0.044852121,-0.006121616,1100000000,0.031068213,-0.005162751,0
1/4/2020,137,144.5,144.6,135.18,11450000,0.069684865,-0.051903114,914110000,0.036207987,-0.013260942,0
2/4/2020,121.93,125.3,133.49,114.5,27310000,0.165851528,-0.026895451,912990000,0.026512223,0.023213005,0
3/4/2020,128.2,124.3,128.48,120.11,12240000,0.069686121,0.031375704,836100000,0.031641948,-0.01393423,0
6/4/2020,122.94,113.63,125.17,108.53,25380000,0.153321662,0.081932588,980150000,0.04207782,0.033037126,0
7/4/2020,113.75,118,118.44,109.57,20170000,0.080952816,-0.036016949,1000000000,0.033650881,-0.029856125,1
8/4/2020,117.81,115.02,125.88,112.5,26240000,0.118933333,0.024256651,838250000,0.026890865,0.014441329,1
9/4/2020,124.51,117.8,125.5,114,15510000,0.100877193,0.056960951,925800000,0.019274508,-0.001888846,1
13/4/2020,135.92,127,136.86,125.6,15410000,0.089649682,0.07023622,761870000,0.020469266,0.007964132,1
14/4/2020,141.89,141.07,145.2,139.01,11680000,0.044529171,0.005812717,849820000,0.023150414,0.019457191,1
15/4/2020,151.56,141.71,152.57,140,14190000,0.089785714,0.06950815,794060000,0.018759651,0.004454306,0
16/4/2020,150.26,149.92,154.25,146.8,15140000,0.050749319,0.002267876,919560000,0.019883788,0.00628014,0
17/4/2020,150.06,147.91,153.79,144.03,11330000,0.06776366,0.014535866,1060000000,0.016246488,-0.002000581,0
20/4/2020,148.99,153.3,155,148.25,11220000,0.045531197,-0.028114808,876310000,0.015377547,0.000859309,0
21/4/2020,143.27,151.42,154.75,138.36,9710000,0.118459092,-0.053823801,881560000,0.032206668,-0.023338522,1
22/4/2020,150.25,147.1,152.28,145.1,6550000,0.049483115,0.021414004,733430000,0.015796224,0.007212003,1
23/4/2020,169.09,154.01,169.75,153.49,22160000,0.10593524,0.09791572,854520000,0.01888097,-0.003997027,0
24/4/2020,158.8,177.15,181.5,158.3,44050000,0.14655717,-0.103584533,797880000,0.021089454,0.01224373,0
27/4/2020,164.6,156.59,167.85,155,19780000,0.082903226,0.051152692,807920000,0.006576701,0.001397113,0
28/4/2020,156.72,165,166,155.25,13480000,0.069243156,-0.050181818,846770000,0.026726894,-0.024694981,0
29/4/2020,146.48,147.98,151,143.38,22030000,0.053145488,-0.010136505,1030000000,0.021933803,0.012724505,0
30/4/2020,135.17,139.99,143.8,133.68,16680000,0.075703172,-0.034431031,1130000000,0.011362104,-0.002408257,1
1/5/2020,138.56,136,141.63,132.67,13810000,0.067535992,0.018823529,868790000,0.021900724,-0.008793624,1
4/5/2020,143.44,140.77,144.98,140.45,9180000,0.032253471,0.018967109,806280000,0.020847218,0.018162968,1
5/5/2020,144.82,144.43,148.44,140.86,7380000,0.053812296,0.00270027,834180000,0.014650434,-6.13E-05,1
6/5/2020,149.59,145.47,150.74,144.09,6030000,0.046151711,0.028321991,782810000,0.012912487,-0.002288528,1
7/5/2020,157.8,154.84,162,154.04,8390000,0.05167489,0.019116507,831290000,0.00930609,0.000655242,1
8/5/2020,155.4,160,161.16,152.7,7080000,0.05540275,-0.02875,824610000,0.011950265,0.007113921,1
11/5/2020,166.48,159.43,168,158,10140000,0.063291139,0.044220034,878430000,0.020849051,0.015177401,0
12/5/2020,161.04,168,168.23,160.05,7100000,0.051109028,-0.041428571,922430000,0.02787645,-0.024128631,1
13/5/2020,167.14,164.04,171.5,159.2,11080000,0.077261307,0.01889783,952960000,0.036729322,-0.015863798,1
14/5/2020,167.91,168.3,170.73,162.89,6730000,0.04813064,-0.002317291,883250000,0.027622412,0.017714985,0
15/5/2020,174.83,166.62,175.38,166.62,8540000,0.052574721,0.049273797,1030000000,0.022334374,0.01974776,0
18/5/2020,164.69,170.02,173.41,162.7,9640000,0.065826675,-0.031349253,968790000,0.012329657,0.006285176,1
19/5/2020,173.68,166.76,173.7,166.21,8490000,0.045063474,0.041496762,869450000,0.014591784,-0.004590646,0
20/5/2020,175.48,173.67,175.6,170.67,6910000,0.028886155,0.010422065,938190000,0.009524731,0.00753953,0
21/5/2020,172.03,175.76,177.69,168.45,5530000,0.054853072,-0.021222121,785340000,0.016250939,-0.009632871,0
22/5/2020,171.06,171.86,175.89,170.2,4300000,0.033431257,-0.004654952,746030000,0.00961858,0.004961982,0
26/5/2020,164,169.3,169.3,163.12,6690000,0.037886219,-0.031305375,967900000,0.018005692,-0.016944158,0
27/5/2020,161.97,157,162.22,149.43,10080000,0.085591916,0.031656051,951520000,0.029563837,0.007087433,1
28/5/2020,163.55,159.25,169.35,159.25,6390000,0.063422292,0.02700157,877390000,0.01908557,-0.002555097,1
29/5/2020,179.48,168,179.99,167.86,15310000,0.0722626,0.068333333,1450000000,0.019391446,0.011459816,1
1/6/2020,204.15,183.36,205.8,183.23,24390000,0.123178519,0.113383508,878990000,0.011515146,0.008512979,1
2/6/2020,208.08,210.34,212.5,197.56,36850000,0.075622596,-0.010744509,908580000,0.014689487,0.004374627,0
3/6/2020,223.87,211.78,224.38,203.11,32390000,0.104721579,0.057087544,1010000000,0.008373177,0.003216997,0
4/6/2020,210.35,220.51,222.99,207.65,20210000,0.073874308,-0.046075008,1290000000,0.01628905,-0.003506863,0
5/6/2020,207.6,200.11,208.94,196.1,16300000,0.065476798,0.037429414,1440000000,0.0165549,0.011391719,0
8/6/2020,209.83,203.86,211.41,198.67,10460000,0.064126441,0.029284803,1340000000,0.014980661,0.010313088,1
9/6/2020,205.43,209,210.25,203.03,7520000,0.035561247,-0.01708134,1120000000,0.014116008,0.008772508,1
10/6/2020,221.02,209,221.46,208.42,12240000,0.062565973,0.057511962,1110000000,0.012477692,0.000802012,0
11/6/2020,222.07,219.57,231.93,219.52,17620000,0.056532434,0.011385891,1250000000,0.039697407,-0.030487456,1
12/6/2020,219.52,224.79,231.45,216.75,8780000,0.067820069,-0.023444103,1040000000,0.037713441,-0.013077573,1
15/6/2020,239.02,227.84,239.59,226.38,13960000,0.058353211,0.049069522,1080000000,0.037548655,0.031730473,0
16/6/2020,242.56,236,243.4,231.85,11330000,0.049816692,0.02779661,1090000000,0.022080592,-0.00541821,0
17/6/2020,236.76,243.3,243.83,235.15,11700000,0.036912609,-0.026880395,1010000000,0.010048717,-0.003296689,1
18/6/2020,241.57,240.1,242.61,238.33,9340000,0.017958293,0.006122449,1030000000,0.007439058,0.005111964,1
19/6/2020,243.48,241.64,243.57,238.7,10080000,0.020402178,0.007614633,2390000000,0.0183299,-0.009560721,1
22/6/2020,251.27,247.57,254.9,247.57,11090000,0.029607788,0.014945268,1060000000,0.014421273,0.011158827,0
23/6/2020,252.81,251.19,254.74,247.67,8790000,0.028546049,0.006449301,1180000000,0.010819347,5.33E-05,1
24/6/2020,255.9,254.93,258.68,248.69,9860000,0.040170493,0.003804966,1260000000,0.030001361,-0.018205831,0
25/6/2020,259.51,257.9,260,252.82,7490000,0.028399652,0.00624273,1060000000,0.021692131,0.011883597,0
26/6/2020,256.8,260.52,261.62,250.36,17140000,0.044975236,-0.014279134,2670000000,0.02580759,-0.023801615,0
29/6/2020,248.56,254.84,255.73,243.63,8440000,0.049665476,-0.024642913,977010000,0.022116994,0.01048229,1
30/6/2020,253.54,249.39,256.82,248.45,6310000,0.033688871,0.016640603,1100000000,0.022498725,0.018578695,1
1/7/2020,259.13,251.35,261,247.21,6800000,0.055782533,0.030952855,972050000,0.014843691,0.009038452,0
2/7/2020,261.74,261,263.8,258,5630000,0.02248062,0.002835249,887000000,0.011408605,-0.005944295,0
6/7/2020,261,264.88,275,259.4,12250000,0.060138782,-0.014648143,1040000000,0.010339952,0.007072134,1
7/7/2020,262.1,261.55,266.45,258.1,7820000,0.032351802,0.002102848,946990000,0.017508256,-0.006585379,1
8/7/2020,266.32,264.21,268.5,261.53,6010000,0.026650862,0.007986072,901930000,0.013879872,0.007988011,1
9/7/2020,269.52,269.01,272.7,264.22,5390000,0.032094467,0.00189584,901210000,0.019093614,-0.001511778,0
10/7/2020,275.87,271.26,278.08,268.8,6350000,0.03452381,0.016994765,781920000,0.01678375,0.006782724,0
13/7/2020,260.3,278.53,280.95,256.39,9290000,0.095791568,-0.065450759,1080000000,0.044053649,-0.031601354,0
14/7/2020,260.01,260.62,265.15,240.87,8710000,0.100801262,-0.002340572,974170000,0.030971887,0.01729638,0
15/7/2020,256.22,253.9,257.49,248.12,6070000,0.037763985,0.009137456,1040000000,0.01766991,-0.002479975,0
16/7/2020,248.54,250.52,252.91,243.5,5420000,0.038644764,-0.007903561,873490000,0.013063962,0.002868668,1
17/7/2020,246.54,247.17,250.94,241.29,4630000,0.039993369,-0.002548853,951840000,0.010690697,0.000254273,1
20/7/2020,268.58,246.49,271.35,245.99,9780000,0.103093622,0.08961824,937330000,0.02819974,0.022902294,0
21/7/2020,260.44,268.97,269.73,258.23,4760000,0.044533943,-0.031713574,1060000000,0.017789842,-0.014534208,0
22/7/2020,261.18,262.16,265.26,255.86,4580000,0.036738842,-0.003738175,841400000,0.01109109,0.00173566,0
23/7/2020,251.5,260.68,264.83,249.24,4590000,0.062550152,-0.03521559,990590000,0.030769985,-0.021336826,0
24/7/2020,246.56,246.2,250.21,237.2,4300000,0.054848229,0.001462226,909490000,0.019715561,0.006680325,1
27/7/2020,252.33,249.47,252.95,246.45,3330000,0.026374518,0.011464304,912980000,0.014093459,0.010993408,0
28/7/2020,252.18,252.61,258.79,251.89,3370000,0.02739291,-0.001702229,811000000,0.012095747,-0.010192022,0
29/7/2020,252.39,255.55,259.93,251.15,3330000,0.034959188,-0.012365486,878490000,0.009930237,0.006514745,0
30/7/2020,250,251.59,256.25,240.49,7930000,0.06553287,-0.006319806,897260000,0.018968334,0.013175925,1
31/7/2020,253.91,253.5,255.2,248.36,3380000,0.027540667,0.001617357,1090000000,0.018005816,0.0003547,1
3/8/2020,268,256.44,271.06,256.44,6790000,0.057011387,0.045078771,904390000,0.008901179,0.004992331,0
4/8/2020,267.34,267.35,268.46,262,3090000,0.024656489,-3.74E-05,886040000,0.008201495,0.003971411,0
5/8/2020,272.9,266.29,275.07,262.57,4520000,0.047606353,0.024822562,887010000,0.00533548,0.002783585,0
6/8/2020,268.25,274,274.12,264,3600000,0.038333333,-0.020985401,876400000,0.014391508,0.010746162,0
7/8/2020,258.73,266.45,268,252.79,5020000,0.060168519,-0.028973541,891080000,0.018833611,-0.005558802,0
10/8/2020,250,259.44,261.03,244.71,5710000,0.066691185,-0.036386062,894840000,0.017584285,-0.005923659,0
11/8/2020,231.04,244.8,245,230.01,9730000,0.06517108,-0.05620915,969230000,0.021064397,-0.014607052,1
12/8/2020,236.72,232.28,239.38,230.93,3930000,0.036591175,0.019114861,811570000,0.01466927,0.012329336,1
13/8/2020,247.25,239.15,250.06,239.05,4750000,0.04605731,0.033869956,750920000,0.010660913,0.001418355,1
14/8/2020,244.91,249.44,252.43,242.4,3660000,0.041377888,-0.01816068,729020000,0.007872724,-0.002077477,1
17/8/2020,266.15,248.75,267.89,248.75,8960000,0.076944724,0.069949749,741240000,0.005796774,0.004192813,1
18/8/2020,276.8,271.77,277.75,265.5,6520000,0.04613936,0.018508297,736480000,0.011418583,0.003588837,1
19/8/2020,273.51,274.86,279.4,270.62,4670000,0.032444017,-0.004911591,752240000,0.011257535,-0.006093733,1
20/8/2020,290.69,274.45,290.88,274.16,9320000,0.060986285,0.059172891,830320000,0.01745622,0.015189611,0
21/8/2020,289.68,291,295.97,286.94,5250000,0.031469994,-0.004536082,879960000,0.007182467,0.004738663,0
24/8/2020,282.28,292.96,293.81,274.48,6460000,0.070424075,-0.036455489,837050000,0.014562475,-0.006072887,1
25/8/2020,290.44,279,293.65,275.99,4600000,0.063987826,0.041003584,719870000,0.011039369,0.008464209,0
26/8/2020,295.27,292.92,301.98,291.13,5690000,0.037268574,0.008022668,738610000,0.014302896,0.012889198,0
27/8/2020,294.68,295.95,301.5,290.44,5560000,0.038080154,-0.004291265,773520000,0.01549648,-0.005378074,1
28/8/2020,299.27,299.22,303.58,297.26,5350000,0.021260849,0.000167101,694250000,0.006360246,0.000543233,1
31/8/2020,325.1,304.01,325.73,301.5,23470000,0.080364842,0.069372718,940530000,0.011320445,0.004834109,1
1/9/2020,457.69,438.79,478,411.06,53350000,0.162847273,0.043072996,810770000,0.012684369,0.007629162,0
2/9/2020,423.56,441.73,441.73,410,18870000,0.077390244,-0.041133724,903540000,0.020098545,0.000761999,0
3/9/2020,381.32,400.01,409.76,367.27,20300000,0.115691453,-0.046723832,1050000000,0.046916918,-0.034041764,0
4/9/2020,369.89,375.5,386.01,346.76,13230000,0.113190679,-0.01494008,1020000000,0.060253571,-0.007292756,1
8/9/2020,350.88,348.36,365.24,345.95,7970000,0.055759503,0.007233896,984130000,0.027156461,-0.00486299,1
9/9/2020,389.65,369.39,394.68,362.48,17330000,0.088832487,0.05484718,861840000,0.022536906,0.006940955,0
10/9/2020,384.48,399.21,407.78,378.6,11930000,0.077073428,-0.036897873,898020000,0.039035331,-0.028119724,1
11/9/2020,383,389.13,400.75,373.05,9300000,0.074252781,-0.01575309,817030000,0.028431129,-0.014216985,1
14/9/2020,403.51,392.01,404,386.13,7960000,0.04627975,0.029335986,882030000,0.012386339,0.004224288,0
15/9/2020,410.94,411,413.5,391.92,8500000,0.055062258,-0.000145985,828010000,0.010467309,-0.000325175,0
16/9/2020,408.17,406.7,419.2,404.22,6750000,0.037059027,0.003614458,923760000,0.018013965,-0.015292174,1
17/9/2020,413.12,391.99,417.12,387.06,9260000,0.077662378,0.053904436,936990000,0.017678353,0.010580722,1
18/9/2020,438.73,419.8,442,408,22320000,0.083333333,0.045092901,2410000000,0.031741691,-0.01641872,1
21/9/2020,468.47,436.99,470,436,16840000,0.077981651,0.072038262,1020000000,0.025024977,0.015896114,1
